<?xml version="1.0" encoding="UTF-8"?>
<project-private xmlns="http://www.netbeans.org/ns/project-private/1">
    <editor-bookmarks xmlns="http://www.netbeans.org/ns/editor-bookmarks/2" lastBookmarkId="0"/>
    <open-files xmlns="http://www.netbeans.org/ns/projectui-open-files/2">
        <group>
            <file>file:/U:/Unit%206%20Software%20Design%20and%20Development(Kanti)/JavaGUIRoom/src/javaguiroom/JavaGUIRoom.java</file>
            <file>file:/U:/Unit%206%20Software%20Design%20and%20Development(Kanti)/JavaGUIRoom/src/NewJFrame.java</file>
        </group>
    </open-files>
</project-private>
