<manifest alg="2" build="2018.0.0.379" opt="true" iceEnabled="true" iceMarkupVersion="2" iceEnabledOptions="link,responsive,cachebuster,textStyling" exportTarget="other" domain="www.StephenRB.com" resolutions="1x" timestamp="1515508625777">
  <folder name="css">
    <file name="site_global.css" crc="444006867"/>
    <file name="master_a-master.css" crc="3924727734" ref="index:skating:work-experience:the-guitar:education:gymnastics:dogs:forum:about-me:employment-skills"/>
    <file name="index.css" crc="4237165476" ref="index"/>
    <file name="skating.css" crc="353573792" ref="skating"/>
    <file name="work-experience.css" crc="193709331" ref="work-experience"/>
    <file name="the-guitar.css" crc="71120400" ref="the-guitar"/>
    <file name="education.css" crc="4046438179" ref="education"/>
    <file name="gymnastics.css" crc="4252050330" ref="gymnastics"/>
    <file name="dogs.css" crc="53800899" ref="dogs"/>
    <file name="forum.css" crc="291647620" ref="forum"/>
    <file name="about-me.css" crc="488033435" ref="about-me"/>
    <file name="employment-skills.css" crc="172117786" ref="employment-skills"/>
  </folder>
  <folder name="scripts">
    <file name="jquery-1.8.3.min.js" crc="209076791" ref="index:about-me:education:employment-skills:work-experience:dogs:the-guitar:skating:gymnastics:forum"/>
    <file name="museutils.js" crc="3803043152" ref="index:about-me:education:employment-skills:work-experience:dogs:the-guitar:skating:gymnastics:forum"/>
    <file name="whatinput.js" crc="86476730" ref="index:about-me:education:employment-skills:work-experience:dogs:the-guitar:skating:gymnastics:forum"/>
    <file name="museconfig.js" crc="4153641093" ref="index:about-me:education:employment-skills:work-experience:dogs:the-guitar:skating:gymnastics:forum"/>
    <file name="jquery.musepolyfill.bgsize.js" crc="4148998990" ref="index:about-me:education:employment-skills:work-experience:dogs:the-guitar:skating:gymnastics:forum"/>
    <file name="jquery.musemenu.js" crc="3784699396" ref="index:about-me:education:employment-skills:work-experience:dogs:the-guitar:skating:gymnastics:forum"/>
    <file name="jquery.watch.js" crc="99325471" ref="index:about-me:education:employment-skills:work-experience:dogs:the-guitar:skating:gymnastics:forum"/>
    <file name="webpro.js" crc="242022427" ref="index:about-me"/>
    <file name="musewpslideshow.js" crc="457073769" ref="index:about-me"/>
    <file name="jquery.museoverlay.js" crc="483674903" ref="index:about-me"/>
    <file name="touchswipe.js" crc="4066113679" ref="index:about-me"/>
    <file name="html5shiv.js" crc="4241844378" ref="index:about-me:education:employment-skills:work-experience:dogs:the-guitar:skating:gymnastics:forum"/>
    <file name="require.js" crc="4157109226" ref="index:about-me:education:employment-skills:work-experience:dogs:the-guitar:skating:gymnastics:forum"/>
  </folder>
  <folder name="images">
    <file name="b035092sterer027.jpg" crc="3999476632" ref="index">
      <caption webpage="index" alt=""/>
    </file>
    <file name="u2285-4.png" crc="289994036" ref="index:about-me:education:employment-skills:work-experience:dogs:the-guitar:skating:gymnastics:forum"/>
    <file name="u3273-4.png" crc="4256862952" ref="index:about-me:education:employment-skills:work-experience:dogs:the-guitar:skating:gymnastics:forum"/>
    <file name="u3293-4.png" crc="4235690866" ref="index:about-me:education:employment-skills:work-experience:dogs:the-guitar:skating:gymnastics:forum"/>
    <file name="u3281-4.png" crc="403724076" ref="index:about-me:education:employment-skills:work-experience:dogs:the-guitar:skating:gymnastics:forum"/>
    <file name="u3287-4.png" crc="3827685663" ref="index:about-me:education:employment-skills:work-experience:dogs:the-guitar:skating:gymnastics:forum"/>
    <file name="u3301-4.png" crc="373525069" ref="index:about-me:education:employment-skills:work-experience:dogs:the-guitar:skating:gymnastics:forum"/>
    <file name="u3377-4.png" crc="518051428" ref="index:about-me:education:employment-skills:work-experience:dogs:the-guitar:skating:gymnastics:forum"/>
    <file name="u3511-4.png" crc="373705594" ref="index:about-me:education:employment-skills:work-experience:dogs:the-guitar:skating:gymnastics:forum"/>
    <file name="u3616-4.png" crc="349543196" ref="index:about-me:education:employment-skills:work-experience:dogs:the-guitar:skating:gymnastics:forum"/>
    <file name="u3693-4.png" crc="248514824" ref="index:about-me:education:employment-skills:work-experience:dogs:the-guitar:skating:gymnastics:forum"/>
    <file name="il17xio.jpg" crc="4107226108" ref="index">
      <caption webpage="index" alt=""/>
      <caption webpage="index" alt=""/>
      <caption webpage="index" alt=""/>
      <caption webpage="index" alt=""/>
      <caption webpage="index" alt=""/>
    </file>
    <file name="siberian-husky-off-lead-in-snow-crop-u166.jpg" crc="220838471" seo="true" ref="index">
      <caption webpage="index" alt=""/>
    </file>
    <file name="blank.gif" crc="4208392903" ref="index:about-me"/>
    <file name="wolf howling-crop-u349.jpg" crc="347712232" seo="true" ref="index">
      <caption webpage="index" alt=""/>
    </file>
    <file name="my husky-crop-u376.jpg" crc="205299726" seo="true" ref="index">
      <caption webpage="index" alt=""/>
    </file>
    <file name="687e32e3d2d6b30ae1bc8204f82f2946-crop-u403.jpg" crc="4128266771" seo="true" ref="index">
      <caption webpage="index" alt=""/>
    </file>
    <file name="il17xio-crop-u428.jpg" crc="375134777" seo="true" ref="index">
      <caption webpage="index" alt=""/>
    </file>
    <file name="loading.gif" crc="3815509949" ref="index:about-me"/>
    <file name="img_0346.jpg" crc="316849376" ref="index">
      <caption webpage="index" alt=""/>
    </file>
    <file name="img_0191.jpg" crc="224986096" ref="index">
      <caption webpage="index" alt=""/>
    </file>
    <file name="img_0092.jpg" crc="3778066057" ref="index">
      <caption webpage="index" alt=""/>
    </file>
    <file name="img_0062.jpg" crc="501528374" ref="index">
      <caption webpage="index" alt=""/>
    </file>
    <file name="img_0145.jpg" crc="4082658872" ref="index">
      <caption webpage="index" alt=""/>
    </file>
    <file name="silhouette me.png" crc="4120357600" ref="index">
      <caption webpage="index" alt=""/>
    </file>
    <file name="greyish white backgrounds.jpg" crc="351989275" ref="about-me:education:employment-skills:work-experience:dogs:the-guitar:skating:gymnastics:forum">
      <caption webpage="work-experience" alt=""/>
      <caption webpage="forum" alt=""/>
      <caption webpage="skating" alt=""/>
      <caption webpage="dogs" alt=""/>
      <caption webpage="gymnastics" alt=""/>
      <caption webpage="about-me" alt=""/>
      <caption webpage="education" alt=""/>
      <caption webpage="employment-skills" alt=""/>
      <caption webpage="the-guitar" alt=""/>
    </file>
    <file name="u664-4.png" crc="73556431" ref="about-me"/>
    <file name="man with cap sitting.png" crc="56974785" ref="about-me">
      <caption webpage="about-me" alt=""/>
    </file>
    <file name="u2269-4.png" crc="4169740079" ref="about-me"/>
    <file name="img_1940.jpg" crc="67709817" ref="about-me:dogs">
      <caption webpage="dogs" alt=""/>
      <caption webpage="about-me" alt=""/>
    </file>
    <file name="u1859-4.png" crc="3966883424" ref="about-me"/>
    <file name="social-icon-instagram.png" crc="266413712" ref="about-me">
      <caption webpage="about-me" alt=""/>
    </file>
    <file name="social-icon-facebook.png" crc="389213818" ref="about-me">
      <caption webpage="about-me" alt=""/>
    </file>
    <file name="social-icon-twitter.png" crc="372795050" ref="about-me">
      <caption webpage="about-me" alt=""/>
    </file>
    <file name="social-icon-youtube.png" crc="4191134316" ref="about-me">
      <caption webpage="about-me" alt=""/>
    </file>
    <file name="img_0832-crop-u2079.jpg" crc="239070005" seo="true" ref="about-me">
      <caption webpage="about-me" alt=""/>
    </file>
    <file name="img_1447-crop-u2210.jpg" crc="4055911828" seo="true" ref="about-me">
      <caption webpage="about-me" alt=""/>
    </file>
    <file name="longboard-crop-u2235.jpg" crc="4293759257" seo="true" ref="about-me">
      <caption webpage="about-me" alt=""/>
    </file>
    <file name="perfect left arrow.png" crc="3909047572" ref="about-me">
      <caption webpage="about-me" alt=""/>
    </file>
    <file name="perfect right arrow-u2067-3-fr.png" crc="58361744" ref="about-me"/>
    <file name="quadcopters with vs stmbol.jpg" crc="3903339568" ref="about-me">
      <caption webpage="about-me" alt=""/>
    </file>
    <file name="liez4908.jpg" crc="3788033918" ref="about-me">
      <caption webpage="about-me" alt=""/>
    </file>
    <file name="u1979-6.png" crc="5345270" ref="about-me"/>
    <file name="u1984-4.png" crc="90892856" ref="about-me"/>
    <file name="u668-4.png" crc="268570670" ref="education"/>
    <file name="oliver goldsmith primary school.jpg" crc="377371603" ref="education">
      <caption webpage="education" alt=""/>
    </file>
    <file name="education boosk-u4625-fr.png" crc="3796841657" ref="education"/>
    <file name="saint thomas apostle.jpg" crc="365203347" ref="education">
      <caption webpage="education" alt=""/>
    </file>
    <file name="north west college.jpg" crc="3856579474" ref="education">
      <caption webpage="education" alt=""/>
    </file>
    <file name="employment page figures.png" crc="155029502" ref="employment-skills">
      <caption webpage="employment-skills" alt=""/>
    </file>
    <file name="u2611-4.png" crc="424796149" ref="employment-skills"/>
    <file name="skills table4-u4409-fr.png" crc="4113821548" ref="employment-skills"/>
    <file name="u2617-4.png" crc="428546721" ref="work-experience"/>
    <file name="work experience man.png" crc="499723224" ref="work-experience">
      <caption webpage="work-experience" alt=""/>
    </file>
    <file name="work experience.jpg" crc="4238813161" ref="work-experience">
      <caption webpage="work-experience" alt=""/>
    </file>
    <file name="me and silver.png" crc="4075388295" ref="dogs">
      <caption webpage="dogs" alt=""/>
    </file>
    <file name="u4543-4.png" crc="4294560620" ref="dogs"/>
    <file name="u1639-10.png" crc="3870091236" ref="dogs"/>
    <file name="u4552-4.png" crc="11714470" ref="dogs"/>
    <file name="img_0068.jpg" crc="3973739310" ref="dogs">
      <caption webpage="dogs" alt=""/>
    </file>
    <file name="img_0110.jpg" crc="4051623345" ref="dogs">
      <caption webpage="dogs" alt=""/>
    </file>
    <file name="u4563-4.png" crc="4079795383" ref="dogs"/>
    <file name="img_1447-u1645-fr.jpg" crc="3765894708" ref="the-guitar"/>
    <file name="u4580-4.png" crc="107433841" ref="the-guitar"/>
    <file name="playing the guitar.png" crc="3979762558" ref="the-guitar">
      <caption webpage="the-guitar" alt=""/>
    </file>
    <file name="img_2025.jpg" crc="4255019839" ref="skating">
      <caption webpage="skating" alt=""/>
    </file>
    <file name="u2679-6.png" crc="764688" ref="skating"/>
    <file name="skateboarding.png" crc="280687185" ref="skating">
      <caption webpage="skating" alt=""/>
    </file>
    <file name="img_0895.jpg" crc="4010913017" ref="skating">
      <caption webpage="skating" alt=""/>
    </file>
    <file name="u4594-4.png" crc="518650516" ref="gymnastics"/>
    <file name="parkour artist edited.png" crc="3972139721" ref="gymnastics">
      <caption webpage="gymnastics" alt=""/>
    </file>
    <file name="img_0832.jpg" crc="4009486539" ref="gymnastics">
      <caption webpage="gymnastics" alt=""/>
    </file>
    <file name="u2655-6.png" crc="235986849" ref="forum"/>
    <file name="u2673-7.png" crc="4250789078" ref="forum"/>
    <file name="thinkerbell no background.png" crc="3800769033" ref="forum">
      <caption webpage="forum" alt=""/>
    </file>
    <file name="camera.png" crc="4278353942" ref="forum">
      <caption webpage="forum" alt=""/>
    </file>
    <file name="onscreen keyboard.jpg" crc="4260813670" ref="forum">
      <caption webpage="forum" alt=""/>
    </file>
  </folder>
  <file name="index.html" crc="3997224027" seo="true" mt="1515508580723" redirect="true"/>
  <file name="about-me.html" crc="4221336828" seo="true" mt="1515508582440" redirect="true"/>
  <file name="education.html" crc="3900476450" seo="true" mt="1515508578675" redirect="true"/>
  <file name="employment-skills.html" crc="3893530607" seo="true" mt="1515508580391" redirect="true"/>
  <file name="work-experience.html" crc="4082098525" seo="true" mt="1515508582984" redirect="true"/>
  <file name="dogs.html" crc="3826154270" seo="true" mt="1515508581900" redirect="true"/>
  <file name="the-guitar.html" crc="3773940005" seo="true" mt="1515508582108" redirect="true"/>
  <file name="skating.html" crc="3950498065" seo="true" mt="1515508576736" redirect="true"/>
  <file name="gymnastics.html" crc="3867244899" seo="true" mt="1515508582320" redirect="true"/>
  <file name="forum.html" crc="27413642" seo="true" mt="1515508583120" redirect="true"/>
</manifest>